{
  "hash": "dbce0a34",
  "configHash": "cca16e72",
  "lockfileHash": "b8d1505a",
  "browserHash": "151b0693",
  "optimized": {
    "@angular/core": {
      "src": "../../../../../node_modules/@angular/core/fesm2022/core.mjs",
      "file": "@angular_core.js",
      "fileHash": "e00181bf",
      "needsInterop": false
    },
    "@angular/forms": {
      "src": "../../../../../node_modules/@angular/forms/fesm2022/forms.mjs",
      "file": "@angular_forms.js",
      "fileHash": "7bf378d9",
      "needsInterop": false
    },
    "@angular/platform-browser": {
      "src": "../../../../../node_modules/@angular/platform-browser/fesm2022/platform-browser.mjs",
      "file": "@angular_platform-browser.js",
      "fileHash": "3cf72f4d",
      "needsInterop": false
    },
    "@angular/router": {
      "src": "../../../../../node_modules/@angular/router/fesm2022/router.mjs",
      "file": "@angular_router.js",
      "fileHash": "d5da8d3a",
      "needsInterop": false
    }
  },
  "chunks": {
    "chunk-UVRMZBJX": {
      "file": "chunk-UVRMZBJX.js"
    },
    "chunk-VVDEPTVT": {
      "file": "chunk-VVDEPTVT.js"
    },
    "chunk-3V2WW6I2": {
      "file": "chunk-3V2WW6I2.js"
    }
  }
}