{
  "hash": "53296784",
  "configHash": "ffcc9be8",
  "lockfileHash": "b8d1505a",
  "browserHash": "0b1426db",
  "optimized": {
    "@angular/core": {
      "src": "../../../../../node_modules/@angular/core/fesm2022/core.mjs",
      "file": "@angular_core.js",
      "fileHash": "4a75fe8b",
      "needsInterop": false
    },
    "@angular/forms": {
      "src": "../../../../../node_modules/@angular/forms/fesm2022/forms.mjs",
      "file": "@angular_forms.js",
      "fileHash": "3abf8a06",
      "needsInterop": false
    },
    "@angular/platform-browser": {
      "src": "../../../../../node_modules/@angular/platform-browser/fesm2022/platform-browser.mjs",
      "file": "@angular_platform-browser.js",
      "fileHash": "dee9fe7a",
      "needsInterop": false
    },
    "@angular/platform-server": {
      "src": "../../../../../node_modules/@angular/platform-server/fesm2022/platform-server.mjs",
      "file": "@angular_platform-server.js",
      "fileHash": "90b77d1c",
      "needsInterop": false
    },
    "@angular/router": {
      "src": "../../../../../node_modules/@angular/router/fesm2022/router.mjs",
      "file": "@angular_router.js",
      "fileHash": "42d8a7dc",
      "needsInterop": false
    }
  },
  "chunks": {
    "chunk-DJBXBDY5": {
      "file": "chunk-DJBXBDY5.js"
    },
    "chunk-GZVZLGCI": {
      "file": "chunk-GZVZLGCI.js"
    },
    "chunk-XRRKVE5L": {
      "file": "chunk-XRRKVE5L.js"
    },
    "xhr2-AQ42KH57": {
      "file": "xhr2-AQ42KH57.js"
    },
    "chunk-NQ4HTGF6": {
      "file": "chunk-NQ4HTGF6.js"
    }
  }
}